All riders in the 23 Tour teams listed.;;0;;;;;;;;Copy this:;0;;;;;;;;;;;;;;
Top part of the list (sorted by value) are those listed at PCS as due to ride (unless I have read something I consider more reliable): I will visit at least once a day to update it as teams get nearer to final line ups.;;;;;;;;;;;;;;;;;;;;;;;;;
If the team has been announced as confirmed, the rider names are in bold (they could still change, but the team has effectively said they don't intend to);;;;;;;;;;;;;;;;;;;;;;;;;
Lower part of list (sorted by team, then alphabetically) are other riders who could be drafted in.;;;;;;;;;;;;;;;;;;;;;;;;;
;;;;;;;;;;;;;;;;;;;;;;;;;
Make trial combinations of your team by copying the contents of cell L1 (the red 0 next to red text above this and to the right)  into the appropriate row for the rider . Use columns f-m to try different permutations;;;;;;;;;;;;;;;;;;;;;;;;;
IF THIS LINE IS STILL HERE it is because the prices are still unfinalised.  Those here will be a good guide, but they are not certain until I post from the CQ download that comes out on Monday 2nd;;;;;;;;;;;;;;;;;;;;;;;;;
If you sort the spreadsheet by the column of your final selection, you can cut and paste the  8 names from Column A (only, not B and/or C) to submit your team. ;;;;;;;;;;;;;;;;;;;;;;;;;
These prices are provisional: they should be finalised on 30th June;;;;;;;;;;;;;;;;;;;;;;;;;
;;;;;;;;;;;;;;;;;;;;;;;;;
Budget;4000;;Team cost;;0;0;0;0;0;0;0;0;;;;;;;;;;;;;
;;;Number of riders;;0;0;0;0;0;0;0;0;;;;;;;;;;;;;
;;;Remaining budget;;4000;4000;4000;4000;4000;4000;4000;4000;;;;;;;;;;;;;
;;;Remaining budget per rider;;500,0;500,0;500,0;500,0;500,0;500,0;500,0;500,0;;;;;;;;;;;;;
POGACAR Tadej;UAD;5030;q;out of budget;;;;;;;;;;;;;;;;;;;;;
EVENEPOEL Remco;SOQ;2680;q;;;;;;;;;;;;;;;;;;;;;;
ALMEIDA Joao Pedro Gonçalves;UAD;2136;q;;;;;;;;;;;;;;;;;;;;;;
VINGEGAARD HANSEN Jonas;TVL;1735;q;;;;;;;;;;;;;;;;;;;;;;
PHILIPSEN Jasper;ADC;1686;q;;;;;;;;;;;;;;;;;;;;;;
VAN DER POEL Mathieu;ADC;1616;q;;;;;;;;;;;;;;;;;;;;;;
VAN AERT Wout;TVL;1596;q;;;;;;;;;;;;;;;;;;;;;;
ROGLIC Primoz;RBH;1592;q;;;;;;;;;;;;;;;;;;;;;;
GIRMAY HAILU Biniam;IWA;1529;q;;;;;;;;;;;;;;;;;;;;;;
MAS NICOLAU Enric;MOV;1397;q;;;;;;;;;;;;;;;;;;;;;;
O'CONNOR Ben;JAY;1333;q;;;;;;;;;;;;;;;;;;;;;;
CARAPAZ MONTENEGRO Richard Antonio;EFE;1276;q;;;;;;;;;;;;;;;;;;;;;;
ONLEY Oscar;TPP;1273;q;;;;;;;;;;;;;;;;;;;;;;
GANNA Filippo;IGD;1272;q;;;;;;;;;;;;;;;;;;;;;;
POWLESS Neilson;EFE;1225;q;;;;;;;;;;;;;;;;;;;;;;
VAUQUELIN Kévin;ARK;1191;q;;;;;;;;;;;;;;;;;;;;;;
MERLIER Tim;SOQ;1188;q;;;;;;;;;;;;;;;;;;;;;;
CORT NIELSEN Magnus;UXM;1182;q;;;;;;;;;;;;;;;;;;;;;;
JORGENSON Matteo;TVL;1155;q;;;;;;;;;;;;;;;;;;;;;;
DE LIE Arnaud;LOT;1084;q;;;;;;;;;;;;;;;;;;;;;;
GREGOIRE Romain;GFC;1045;q;;;;;;;;;;;;;;;;;;;;;;
LIPOWITZ Florian;RBH;1006;q;;;;;;;;;;;;;;;;;;;;;;
YATES Simon;TVL;1004;q;;;;;;;;;;;;;;;;;;;;;;
MILAN Jonathan;LTK;1003;q;;;;;;;;;;;;;;;;;;;;;;
SKJELMOSE JENSEN Mattias;LTK;948;q;;;;;;;;;;;;;;;;;;;;;;
ARANBURU DEVA Alexander;COF;925;q;;;;;;;;;;;;;;;;;;;;;;
CHAMPOUSSIN Clément;XAT;921;q;;;;;;;;;;;;;;;;;;;;;;
VAN EETVELT Lennert;LOT;912;q;;;;;;;;;;;;;;;;;;;;;;
YATES Adam;UAD;889;q;;;;;;;;;;;;;;;;;;;;;;
WELLENS Tim;UAD;843;q;;;;;;;;;;;;;;;;;;;;;;
SCHMID Mauro;JAY;833;q;;;;;;;;;;;;;;;;;;;;;;
MEEUS Jordi;RBH;818;q;;;;;;;;;;;;;;;;;;;;;;
LUND ANDRESEN Tobias;TPP;809;q;;;;;;;;;;;;;;;;;;;;;;
HEALY Ben;EFE;796;q;;;;;;;;;;;;;;;;;;;;;;
MARTINEZ Lenny;TBV;779;q;;;;;;;;;;;;;;;;;;;;;;
MARTIN GUYONNET Guillaume;GFC;744;q;;;;;;;;;;;;;;;;;;;;;;
SIVAKOV Pavel;UAD;742;q;;;;;;;;;;;;;;;;;;;;;;
BUITRAGO SANCHEZ Santiago;TBV;741;q;;;;;;;;;;;;;;;;;;;;;;
ALAPHILIPPE Julian;TUD;738;q;;;;;;;;;;;;;;;;;;;;;;
GROVES Kaden;ADC;729;q;;;;;;;;;;;;;;;;;;;;;;
RODRIGUEZ CANO Carlos;IGD;696;q;;;;;;;;;;;;;;;;;;;;;;
MADOUAS Valentin;GFC;672;q;;;;;;;;;;;;;;;;;;;;;;
NYS Thibau;LTK;669;q;;;;;;;;;;;;;;;;;;;;;;
ROMO OLIVER Javier;MOV;656;q;;;;;;;;;;;;;;;;;;;;;;
CASTRILLO ZAPATER Pablo;MOV;633;q;;;;;;;;;;;;;;;;;;;;;;
BERCKMOES Jenno;LOT;629;q;;;;;;;;;;;;;;;;;;;;;;
NARVAEZ PRADO Jhonatan Manuel;UAD;627;q;;;;;;;;;;;;;;;;;;;;;;
TRENTIN Matteo;TUD;626;q;;;;;;;;;;;;;;;;;;;;;;
JOHANNESSEN Tobias Halland;UXM;625;q;;;;;;;;;;;;;;;;;;;;;;
WAERENSKJOLD Søren;UXM;623;q;;;;;;;;;;;;;;;;;;;;;;
VELASCO Simone;XAT;620;q;;;;;;;;;;;;;;;;;;;;;;
BENOOT Tiesj;TVL;618;q;;;;;;;;;;;;;;;;;;;;;;
GROENEWEGEN Dylan;JAY;609;q;;;;;;;;;;;;;;;;;;;;;;
SCHACHMANN Maximilian;SOQ;609;q;;;;;;;;;;;;;;;;;;;;;;
MOHORIC Matej;TBV;580;q;;;;;;;;;;;;;;;;;;;;;;
VAN WILDER Ilan;SOQ;564;q;;;;;;;;;;;;;;;;;;;;;;
GALL Felix;DAT;543;q;;;;;;;;;;;;;;;;;;;;;;
SEGAERT Alec;LOT;533;q;;;;;;;;;;;;;;;;;;;;;;
ARENSMAN Thymen;IGD;529;q;;;;;;;;;;;;;;;;;;;;;;
WOODS Michael;IPT;502;q;;;;;;;;;;;;;;;;;;;;;;
WRIGHT Fred;TBV;501;q;;;;;;;;;;;;;;;;;;;;;;
SOLER Marc;UAD;500;q;;;;;;;;;;;;;;;;;;;;;;
BLACKMORE Joseph;IPT;480;q;;;;;;;;;;;;;;;;;;;;;;
HOELGAARD Markus;UXM;463;q;;;;;;;;;;;;;;;;;;;;;;
VAN POPPEL Danny;RBH;457;q;;;;;;;;;;;;;;;;;;;;;;
BARRE Louis;IWA;447;q;;;;;;;;;;;;;;;;;;;;;;
BURGAUDEAU Mathieu;TEN;433;q;;;;;;;;;;;;;;;;;;;;;;
REX Laurenz;IWA;422;q;;;;;;;;;;;;;;;;;;;;;;
ROMEO ABAD Ivan;MOV;402;q;;;;;;;;;;;;;;;;;;;;;;
LEKNESSUND Andreas;UXM;397;q;;;;;;;;;;;;;;;;;;;;;;
ZIMMERMANN Georg;IWA;395;q;;;;;;;;;;;;;;;;;;;;;;
RUBIO REYES Einer Augusto;MOV;392;q;;;;;;;;;;;;;;;;;;;;;;
DUNBAR Edward;JAY;391;q;;;;;;;;;;;;;;;;;;;;;;
AFFINI Edoardo;TVL;385;q;;;;;;;;;;;;;;;;;;;;;;
DE PLUS Laurens;IGD;364;q;;;;;;;;;;;;;;;;;;;;;;
KUSS Sepp;TVL;364;q;;;;;;;;;;;;;;;;;;;;;;
ACKERMANN Pascal;IPT;352;q;;;;;;;;;;;;;;;;;;;;;;
BAUHAUS Phil;TBV;352;q;;;;;;;;;;;;;;;;;;;;;;
STUYVEN Jasper;LTK;351;q;;;;;;;;;;;;;;;;;;;;;;
TEJADA CANACUE Harold Alfonso;XAT;351;q;;;;;;;;;;;;;;;;;;;;;;
IZAGIRRE INSAUSTI Ion;COF;338;q;;;;;;;;;;;;;;;;;;;;;;
VAN DEN BROEK Frank;TPP;321;q;;;;;;;;;;;;;;;;;;;;;;
CATTANEO Mattia;SOQ;309;q;;;;;;;;;;;;;;;;;;;;;;
JOHANNESSEN Anders Halland;UXM;308;q;;;;;;;;;;;;;;;;;;;;;;
PITHIE Laurence;RBH;306;q;;;;;;;;;;;;;;;;;;;;;;
FOSS Tobias Svendsen;IGD;300;q;;;;;;;;;;;;;;;;;;;;;;
STEWART Jake;IPT;292;q;;;;;;;;;;;;;;;;;;;;;;
EDVARDSEN-FREDHEIM Stian;UXM;285;q;;;;;;;;;;;;;;;;;;;;;;
BERNARD Julien;LTK;282;q;;;;;;;;;;;;;;;;;;;;;;
HIGUITA GARCIA Sergio Andres;XAT;279;q;;;;;;;;;;;;;;;;;;;;;;
VLASOV Aleksandr;RBH;269;q;;;;;;;;;;;;;;;;;;;;;;
CAMPENAERTS Victor;TVL;257;q;;;;;;;;;;;;;;;;;;;;;;
PACHER Quentin;GFC;256;q;;;;;;;;;;;;;;;;;;;;;;
THOMAS Benjamin;COF;244;q;;;;;;;;;;;;;;;;;;;;;;
PAGE Hugo;IWA;236;q;;;;;;;;;;;;;;;;;;;;;;
ABRAHAMSEN Jonas;UXM;234;q;;;;;;;;;;;;;;;;;;;;;;
THEUNS Edward;LTK;228;q;;;;;;;;;;;;;;;;;;;;;;
VAN MOER Brent;LOT;226;q;;;;;;;;;;;;;;;;;;;;;;
PARET PEINTRE Valentin;SOQ;224;q;;;;;;;;;;;;;;;;;;;;;;
HAIG Jack;TBV;210;q;;;;;;;;;;;;;;;;;;;;;;
RUTSCH Jonas;IWA;202;q;;;;;;;;;;;;;;;;;;;;;;
LUTSENKO Alexey;IPT;201;q;;;;;;;;;;;;;;;;;;;;;;
OLIVEIRA Nelson Filipe Santos Simoes;MOV;196;q;;;;;;;;;;;;;;;;;;;;;;
VAN DIJKE Mick;RBH;182;q;;;;;;;;;;;;;;;;;;;;;;
BRAET Vito;IWA;181;q;;;;;;;;;;;;;;;;;;;;;;
KWIATKOWSKI Michal;IGD;179;q;;;;;;;;;;;;;;;;;;;;;;
PEDERSEN Casper;SOQ;171;q;;;;;;;;;;;;;;;;;;;;;;
LOUVEL Matîs;IPT;165;q;;;;;;;;;;;;;;;;;;;;;;
GAVIRIA RENDON Fernando;MOV;151;q;;;;;;;;;;;;;;;;;;;;;;
POLITT Nils;UAD;151;q;;;;;;;;;;;;;;;;;;;;;;
BUCHMANN Emanuel;COF;139;q;;;;;;;;;;;;;;;;;;;;;;
SWEENY Harrison;EFE;123;q;;;;;;;;;;;;;;;;;;;;;;
SEPULVEDA Eduardo;LOT;116;q;;;;;;;;;;;;;;;;;;;;;;
VAN SINTMAARTENSDIJK Roel;IWA;115;q;;;;;;;;;;;;;;;;;;;;;;
EENKHOORN Pascal;SOQ;114;q;;;;;;;;;;;;;;;;;;;;;;
REINDERS Elmar;JAY;92;q;;;;;;;;;;;;;;;;;;;;;;
STANNARD Robert;TBV;91;q;;;;;;;;;;;;;;;;;;;;;;
NEILANDS Krists;IPT;89;q;;;;;;;;;;;;;;;;;;;;;;
GRADEK Kamil;TBV;68;q;;;;;;;;;;;;;;;;;;;;;;
JUUL JENSEN Christopher;JAY;60;q;;;;;;;;;;;;;;;;;;;;;;
THOMAS Geraint;IGD;57;q;;;;;;;;;;;;;;;;;;;;;;
MOSCON Gianni;RBH;55;q;;;;;;;;;;;;;;;;;;;;;;
MEZGEC Luka;JAY;50;q;;;;;;;;;;;;;;;;;;;;;;
CONSONNI Simone;LTK;49;q;;;;;;;;;;;;;;;;;;;;;;
DE BUYST Jasper;LOT;44;q;;;;;;;;;;;;;;;;;;;;;;
BOIVIN Guillaume;IPT;35;q;;;;;;;;;;;;;;;;;;;;;;
DRIZNERS Jarrad;LOT;35;q;;;;;;;;;;;;;;;;;;;;;;
RIESEBEEK Oscar;ADC;35;q;;;;;;;;;;;;;;;;;;;;;;
VAN LERBERGHE Bert;SOQ;30;q;;;;;;;;;;;;;;;;;;;;;;
CARR Simon;COF;5;q;;;;;;;;;;;;;;;;;;;;;;
BAYER Tobias;ADC;56;;;;;;;;;;;;;;;;;;;;;;;
BOVEN Lars;ADC;10;;;;;;;;;;;;;;;;;;;;;;;
DEBRUYNE Ramses;ADC;44;;;;;;;;;;;;;;;;;;;;;;;
DEHAIRS Simon;ADC;235;;;;;;;;;;;;;;;;;;;;;;;
DEL GROSSO Tibor;ADC;451;;;;;;;;;;;;;;;;;;;;;;;
DILLIER Silvan;ADC;85;;;;;;;;;;;;;;;;;;;;;;;
GAZE Samuel;ADC;15;;;;;;;;;;;;;;;;;;;;;;;
GHYS Robbe;ADC;75;;;;;;;;;;;;;;;;;;;;;;;
GLIVAR Gal;ADC;191;;;;;;;;;;;;;;;;;;;;;;;
GOGL Michael;ADC;89;;;;;;;;;;;;;;;;;;;;;;;
HERMANS Quinten;ADC;293;;;;;;;;;;;;;;;;;;;;;;;
HOLLMANN Juri;ADC;58;;;;;;;;;;;;;;;;;;;;;;;
JANSSENS Jimmy;ADC;69;;;;;;;;;;;;;;;;;;;;;;;
KIELICH Timo;ADC;218;;;;;;;;;;;;;;;;;;;;;;;
MEURISSE Xandro;ADC;393;;;;;;;;;;;;;;;;;;;;;;;
PLANCKAERT Edward;ADC;87;;;;;;;;;;;;;;;;;;;;;;;
PLOWRIGHT Jensen;ADC;204;;;;;;;;;;;;;;;;;;;;;;;
PRICE-PEJTERSEN Johan;ADC;144;;;;;;;;;;;;;;;;;;;;;;;
RICKAERT Jonas;ADC;41;;;;;;;;;;;;;;;;;;;;;;;
UHLIG Henri;ADC;160;;;;;;;;;;;;;;;;;;;;;;;
VAN DEN BOSSCHE Fabio;ADC;110;;;;;;;;;;;;;;;;;;;;;;;
VAN TRICHT Stan;ADC;177;;;;;;;;;;;;;;;;;;;;;;;
VERGALLITO Luca;ADC;102;;;;;;;;;;;;;;;;;;;;;;;
VERMEERSCH Gianni;ADC;318;;;;;;;;;;;;;;;;;;;;;;;
VERSTRYNGE Emiel;ADC;73;;;;;;;;;;;;;;;;;;;;;;;
BIERMANS Jenthe;ARK;360;;;;;;;;;;;;;;;;;;;;;;;
CAPIOT Amaury;ARK;151;;;;;;;;;;;;;;;;;;;;;;;
COSTIOU Ewen;ARK;213;;;;;;;;;;;;;;;;;;;;;;;
DELAPLACE Anthony;ARK;109;;;;;;;;;;;;;;;;;;;;;;;
DEMARE Arnaud;ARK;515;;;;;;;;;;;;;;;;;;;;;;;
EPIS Giosué;ARK;50;;;;;;;;;;;;;;;;;;;;;;;
GARCIA PIERNA Raul;ARK;323;;;;;;;;;;;;;;;;;;;;;;;
GESBERT Elie;ARK;21;;;;;;;;;;;;;;;;;;;;;;;
GRONDIN Donavan;ARK;15;;;;;;;;;;;;;;;;;;;;;;;
GUERNALEC Thibault;ARK;198;;;;;;;;;;;;;;;;;;;;;;;
GUERNALEC Victor;ARK;88;;;;;;;;;;;;;;;;;;;;;;;
GUGLIELMI Simon;ARK;97;;;;;;;;;;;;;;;;;;;;;;;
HUYS Laurens;ARK;55;;;;;;;;;;;;;;;;;;;;;;;
LE BERRE Mathis;ARK;84;;;;;;;;;;;;;;;;;;;;;;;
LOZOUET Léandre;ARK;36;;;;;;;;;;;;;;;;;;;;;;;
MOZZATO Luca;ARK;171;;;;;;;;;;;;;;;;;;;;;;;
RIES Michel;ARK;65;;;;;;;;;;;;;;;;;;;;;;;
RODRIGUEZ MARTIN Cristian;ARK;453;;;;;;;;;;;;;;;;;;;;;;;
ROULAND Louis;ARK;52;;;;;;;;;;;;;;;;;;;;;;;
SCOTSON Miles;ARK;35;;;;;;;;;;;;;;;;;;;;;;;
SENECHAL Florian;ARK;33;;;;;;;;;;;;;;;;;;;;;;;
SVESTAD-BAARDSENG Embret;ARK;185;;;;;;;;;;;;;;;;;;;;;;;
THIERRY Pierre;ARK;65;;;;;;;;;;;;;;;;;;;;;;;
TJØTTA Martin;ARK;48;;;;;;;;;;;;;;;;;;;;;;;
VENTURINI Clément;ARK;397;;;;;;;;;;;;;;;;;;;;;;;
VERRE Alessandro;ARK;155;;;;;;;;;;;;;;;;;;;;;;;
LARSEN Niklas;BPC;245;;;;;;;;;;;;;;;;;;;;;;;
ALLEGAERT Piet;COF;181;;;;;;;;;;;;;;;;;;;;;;;
ANIOLKOWSKI Stanislaw;COF;327;;;;;;;;;;;;;;;;;;;;;;;
COQUARD Bryan;COF;478;;;;;;;;;;;;;;;;;;;;;;;
DE GENDT Aime;COF;193;;;;;;;;;;;;;;;;;;;;;;;
DEBEAUMARCHE Nicolas;COF;15;;;;;;;;;;;;;;;;;;;;;;;
FERRON Valentin;COF;114;;;;;;;;;;;;;;;;;;;;;;;
FINE Eddy;COF;0;;;;;;;;;;;;;;;;;;;;;;;
FRETIN Milan;COF;795;;;;;;;;;;;;;;;;;;;;;;;
HERRADA LOPEZ Jesus;COF;253;;;;;;;;;;;;;;;;;;;;;;;
IZQUIERDO Clement;COF;86;;;;;;;;;;;;;;;;;;;;;;;
KNIGHT Oliver;COF;34;;;;;;;;;;;;;;;;;;;;;;;
LASTRA MARTINEZ Jonathan;COF;53;;;;;;;;;;;;;;;;;;;;;;;
MAAS Jan;COF;89;;;;;;;;;;;;;;;;;;;;;;;
MAHOUDO Nolann;COF;35;;;;;;;;;;;;;;;;;;;;;;;
MAISONOBE Sam;COF;106;;;;;;;;;;;;;;;;;;;;;;;
MONIQUET Sylvain;COF;217;;;;;;;;;;;;;;;;;;;;;;;
OLDANI Stefano;COF;291;;;;;;;;;;;;;;;;;;;;;;;
OURSELIN Paul;COF;91;;;;;;;;;;;;;;;;;;;;;;;
PEREZ Anthony;COF;72;;;;;;;;;;;;;;;;;;;;;;;
RENARD Alexis;COF;412;;;;;;;;;;;;;;;;;;;;;;;
ROBEET Ludovic;COF;45;;;;;;;;;;;;;;;;;;;;;;;
SAMITIER SAMITIER Sergio;COF;97;;;;;;;;;;;;;;;;;;;;;;;
TEUNS Dylan;COF;246;;;;;;;;;;;;;;;;;;;;;;;
TOUMIRE Hugo;COF;5;;;;;;;;;;;;;;;;;;;;;;;
TOUZE Damien;COF;127;;;;;;;;;;;;;;;;;;;;;;;
ARMIRAIL Bruno;DAT;344;;;;;;;;;;;;;;;;;;;;;;;
BENNETT Sam;DAT;242;;;;;;;;;;;;;;;;;;;;;;;
BERTHET Clément;DAT;449;;;;;;;;;;;;;;;;;;;;;;;
BISIAUX Léo;DAT;80;;;;;;;;;;;;;;;;;;;;;;;
BISSEGGER Stefan;DAT;428;;;;;;;;;;;;;;;;;;;;;;;
BOUCHARD Geoffrey;DAT;40;;;;;;;;;;;;;;;;;;;;;;;
CHAMBERLAIN Oscar;DAT;20;;;;;;;;;;;;;;;;;;;;;;;
COSNEFROY Benoit;DAT;325;;;;;;;;;;;;;;;;;;;;;;;
DE BONDT Dries;DAT;241;;;;;;;;;;;;;;;;;;;;;;;
DE PESTEL Sander;DAT;116;;;;;;;;;;;;;;;;;;;;;;;
DEWULF Stan;DAT;292;;;;;;;;;;;;;;;;;;;;;;;
GAUTHERAT Pierre;DAT;269;;;;;;;;;;;;;;;;;;;;;;;
GODON Dorian;DAT;385;;;;;;;;;;;;;;;;;;;;;;;
GUDMESTAD Tord;DAT;43;;;;;;;;;;;;;;;;;;;;;;;
ISIDORE Noa;DAT;98;;;;;;;;;;;;;;;;;;;;;;;
LABROSSE Jordan;DAT;92;;;;;;;;;;;;;;;;;;;;;;;
LAFAY Victor;DAT;227;;;;;;;;;;;;;;;;;;;;;;;
LAPEIRA Paul;DAT;442;;;;;;;;;;;;;;;;;;;;;;;
NAESEN Oliver;DAT;208;;;;;;;;;;;;;;;;;;;;;;;
PARET PEINTRE Aurélien;DAT;393;;;;;;;;;;;;;;;;;;;;;;;
PEDERSEN Rasmus Søjberg;DAT;282;;;;;;;;;;;;;;;;;;;;;;;
PETERS Nans;DAT;101;;;;;;;;;;;;;;;;;;;;;;;
POLLEFLIET Gianluca;DAT;58;;;;;;;;;;;;;;;;;;;;;;;
PRODHOMME Nicolas;DAT;513;;;;;;;;;;;;;;;;;;;;;;;
SCOTSON Callum;DAT;112;;;;;;;;;;;;;;;;;;;;;;;
SEIXAS Paul;DAT;244;;;;;;;;;;;;;;;;;;;;;;;
STAUNE-MITTET Johannes;DAT;186;;;;;;;;;;;;;;;;;;;;;;;
TRONCHON Bastien;DAT;401;;;;;;;;;;;;;;;;;;;;;;;
VENDRAME Andrea;DAT;225;;;;;;;;;;;;;;;;;;;;;;;
ALBANESE Vincenzo;EFE;474;;;;;;;;;;;;;;;;;;;;;;;
ASGREEN Kasper;EFE;351;;;;;;;;;;;;;;;;;;;;;;;
BATTISTELLA Samuele;EFE;73;;;;;;;;;;;;;;;;;;;;;;;
BAUDIN Alex;EFE;501;;;;;;;;;;;;;;;;;;;;;;;
BELOKI FERNANDEZ Markel;EFE;65;;;;;;;;;;;;;;;;;;;;;;;
CARTHY Hugh;EFE;42;;;;;;;;;;;;;;;;;;;;;;;
CEPEDA ORTIZ Jefferson Alexander;EFE;308;;;;;;;;;;;;;;;;;;;;;;;
CHAVES RUBIO Jhoan Esteban;EFE;147;;;;;;;;;;;;;;;;;;;;;;;
COSTA Rui Alberto Faria;EFE;203;;;;;;;;;;;;;;;;;;;;;;;
DOULL Owain;EFE;113;;;;;;;;;;;;;;;;;;;;;;;
HONORE Mikkel Frølich;EFE;252;;;;;;;;;;;;;;;;;;;;;;;
MACKELLAR Alastair;EFE;32;;;;;;;;;;;;;;;;;;;;;;;
MIHKELS Madis;EFE;334;;;;;;;;;;;;;;;;;;;;;;;
NERURKAR Lukas;EFE;204;;;;;;;;;;;;;;;;;;;;;;;
QUINN Sean;EFE;43;;;;;;;;;;;;;;;;;;;;;;;
RAFFERTY Darren;EFE;140;;;;;;;;;;;;;;;;;;;;;;;
ROOTKIN-GRAY Jack;EFE;25;;;;;;;;;;;;;;;;;;;;;;;
RYAN Archie;EFE;284;;;;;;;;;;;;;;;;;;;;;;;
SHAW James;EFE;121;;;;;;;;;;;;;;;;;;;;;;;
SIMMONS Colby;EFE;77;;;;;;;;;;;;;;;;;;;;;;;
STEINHAUSER Georg;EFE;177;;;;;;;;;;;;;;;;;;;;;;;
TODOME Yuhi;EFE;10;;;;;;;;;;;;;;;;;;;;;;;
VALGREN HUNDAHL Michael;EFE;160;;;;;;;;;;;;;;;;;;;;;;;
VAN DEN BERG Marijn;EFE;458;;;;;;;;;;;;;;;;;;;;;;;
VAN DER LEE Jardi;EFE;24;;;;;;;;;;;;;;;;;;;;;;;
WALKER Max;EFE;223;;;;;;;;;;;;;;;;;;;;;;;
ASKEY Lewis;GFC;590;;;;;;;;;;;;;;;;;;;;;;;
BARTHE Cyril;GFC;71;;;;;;;;;;;;;;;;;;;;;;;
BRAZ AFONSO Clément;GFC;172;;;;;;;;;;;;;;;;;;;;;;;
BYSTRØM Sven Erik;GFC;65;;;;;;;;;;;;;;;;;;;;;;;
CAVAGNA Rémi;GFC;108;;;;;;;;;;;;;;;;;;;;;;;
DAVY Clément;GFC;40;;;;;;;;;;;;;;;;;;;;;;;
DONNENWIRTH Tom;GFC;226;;;;;;;;;;;;;;;;;;;;;;;
GAUDU David;GFC;661;;;;;;;;;;;;;;;;;;;;;;;
GENIETS Kévin;GFC;222;;;;;;;;;;;;;;;;;;;;;;;
GERMANI Lorenzo;GFC;75;;;;;;;;;;;;;;;;;;;;;;;
GRUEL Thibaud;GFC;455;;;;;;;;;;;;;;;;;;;;;;;
JACOBS Johan;GFC;95;;;;;;;;;;;;;;;;;;;;;;;
KÜNG Stefan;GFC;824;;;;;;;;;;;;;;;;;;;;;;;
LE GAC Olivier;GFC;38;;;;;;;;;;;;;;;;;;;;;;;
LE HUITOUZE Eddy;GFC;101;;;;;;;;;;;;;;;;;;;;;;;
MOLARD Rudy;GFC;297;;;;;;;;;;;;;;;;;;;;;;;
PALENI Enzo;GFC;96;;;;;;;;;;;;;;;;;;;;;;;
PENHOËT Paul;GFC;287;;;;;;;;;;;;;;;;;;;;;;;
ROCHAS Rémy;GFC;215;;;;;;;;;;;;;;;;;;;;;;;
ROLLAND Brieuc;GFC;120;;;;;;;;;;;;;;;;;;;;;;;
RUSSO Clément;GFC;172;;;;;;;;;;;;;;;;;;;;;;;
WALLS Matthew;GFC;85;;;;;;;;;;;;;;;;;;;;;;;
AUGUST Andrew;IGD;78;;;;;;;;;;;;;;;;;;;;;;;
BERNAL GOMEZ Egan Arley;IGD;464;;;;;;;;;;;;;;;;;;;;;;;
CASTROVIEJO NICOLAS Jonathan;IGD;55;;;;;;;;;;;;;;;;;;;;;;;
FRAILE MATARRANZ Omar;IGD;15;;;;;;;;;;;;;;;;;;;;;;;
HAMILTON Lucas;IGD;58;;;;;;;;;;;;;;;;;;;;;;;
HEIDUK Kim;IGD;103;;;;;;;;;;;;;;;;;;;;;;;
JUNGELS Bob;IGD;101;;;;;;;;;;;;;;;;;;;;;;;
LANGELLOTTI Victor;IGD;194;;;;;;;;;;;;;;;;;;;;;;;
LAURANCE Axel;IGD;326;;;;;;;;;;;;;;;;;;;;;;;
LEONARD Michael Shea;IGD;69;;;;;;;;;;;;;;;;;;;;;;;
PUCCIO Salvatore;IGD;15;;;;;;;;;;;;;;;;;;;;;;;
RIVERA VARGAS Brandon Smith;IGD;264;;;;;;;;;;;;;;;;;;;;;;;
RODRIGUEZ GARAICOECHEA Oscar;IGD;136;;;;;;;;;;;;;;;;;;;;;;;
SHEFFIELD Magnus;IGD;863;;;;;;;;;;;;;;;;;;;;;;;
SHMIDT Artem;IGD;107;;;;;;;;;;;;;;;;;;;;;;;
SWIFT Ben;IGD;151;;;;;;;;;;;;;;;;;;;;;;;
SWIFT Connor;IGD;178;;;;;;;;;;;;;;;;;;;;;;;
TARLING Joshua;IGD;538;;;;;;;;;;;;;;;;;;;;;;;
TURNER Ben;IGD;235;;;;;;;;;;;;;;;;;;;;;;;
WATSON Samuel;IGD;510;;;;;;;;;;;;;;;;;;;;;;;
BENNETT George;IPT;279;;;;;;;;;;;;;;;;;;;;;;;
CLARKE Simon;IPT;117;;;;;;;;;;;;;;;;;;;;;;;
COTE Pier-André;IPT;300;;;;;;;;;;;;;;;;;;;;;;;
EINHORN Itamar;IPT;123;;;;;;;;;;;;;;;;;;;;;;;
FRIGO Marco;IPT;274;;;;;;;;;;;;;;;;;;;;;;;
FROOME Chris;IPT;10;;;;;;;;;;;;;;;;;;;;;;;
FUGLSANG Jakob;IPT;143;;;;;;;;;;;;;;;;;;;;;;;
GEE Derek;IPT;999;;;;;;;;;;;;;;;;;;;;;;;
HIRT Jan;IPT;30;;;;;;;;;;;;;;;;;;;;;;;
HOFSTETTER Hugo;IPT;472;;;;;;;;;;;;;;;;;;;;;;;
HOULE Hugo;IPT;107;;;;;;;;;;;;;;;;;;;;;;;
KOGUT Oded;IPT;147;;;;;;;;;;;;;;;;;;;;;;;
PICKRELL Riley;IPT;102;;;;;;;;;;;;;;;;;;;;;;;
RAISBERG Nadav;IPT;65;;;;;;;;;;;;;;;;;;;;;;;
RICCITELLO Matthew;IPT;226;;;;;;;;;;;;;;;;;;;;;;;
SCHULTZ Nicholas;IPT;81;;;;;;;;;;;;;;;;;;;;;;;
SCHWARZMANN Michael;IPT;25;;;;;;;;;;;;;;;;;;;;;;;
SHEEHAN Riley;IPT;56;;;;;;;;;;;;;;;;;;;;;;;
STRONG Corbin;IPT;749;;;;;;;;;;;;;;;;;;;;;;;
VAN ASBROECK Tom;IPT;321;;;;;;;;;;;;;;;;;;;;;;;
VERNON Ethan;IPT;384;;;;;;;;;;;;;;;;;;;;;;;
WILLIAMS Stephen;IPT;277;;;;;;;;;;;;;;;;;;;;;;;
ARTZ Huub;IWA;102;;;;;;;;;;;;;;;;;;;;;;;
BONNEU Kamiel;IWA;149;;;;;;;;;;;;;;;;;;;;;;;
BUSATTO Francesco;IWA;205;;;;;;;;;;;;;;;;;;;;;;;
COLLEONI Kevin;IWA;53;;;;;;;;;;;;;;;;;;;;;;;
DE POOTER Dries;IWA;30;;;;;;;;;;;;;;;;;;;;;;;
FAURE PROST Alexy;IWA;15;;;;;;;;;;;;;;;;;;;;;;;
GOOSSENS Kobe;IWA;51;;;;;;;;;;;;;;;;;;;;;;;
KAMP Alexander;IWA;48;;;;;;;;;;;;;;;;;;;;;;;
KUYPERS Gerben;IWA;35;;;;;;;;;;;;;;;;;;;;;;;
MARIT Arne;IWA;247;;;;;;;;;;;;;;;;;;;;;;;
MEINTJES Louis;IWA;236;;;;;;;;;;;;;;;;;;;;;;;
PAQUOT Tom;IWA;20;;;;;;;;;;;;;;;;;;;;;;;
PETILLI Simone;IWA;50;;;;;;;;;;;;;;;;;;;;;;;
PETIT Adrien;IWA;20;;;;;;;;;;;;;;;;;;;;;;;
ROTA Lorenzo;IWA;257;;;;;;;;;;;;;;;;;;;;;;;
SMITH Dion;IWA;142;;;;;;;;;;;;;;;;;;;;;;;
THIJSSEN Gerben;IWA;327;;;;;;;;;;;;;;;;;;;;;;;
VAN BOVEN Luca;IWA;121;;;;;;;;;;;;;;;;;;;;;;;
VAN DER HOORN Taco;IWA;154;;;;;;;;;;;;;;;;;;;;;;;
VAN HOECKE Gijs;IWA;78;;;;;;;;;;;;;;;;;;;;;;;
BERHE Welay;JAY;80;;;;;;;;;;;;;;;;;;;;;;;
BOUWMAN Koen;JAY;54;;;;;;;;;;;;;;;;;;;;;;;
DE MARCHI Alessandro;JAY;48;;;;;;;;;;;;;;;;;;;;;;;
DE PRETTO Davide;JAY;310;;;;;;;;;;;;;;;;;;;;;;;
DONALDSON Robert;JAY;110;;;;;;;;;;;;;;;;;;;;;;;
DOUBLE Paul;JAY;150;;;;;;;;;;;;;;;;;;;;;;;
DURBRIDGE Luke;JAY;140;;;;;;;;;;;;;;;;;;;;;;;
ENGELHARDT Felix;JAY;199;;;;;;;;;;;;;;;;;;;;;;;
FOLDAGER Anders;JAY;454;;;;;;;;;;;;;;;;;;;;;;;
GAMPER Patrick;JAY;49;;;;;;;;;;;;;;;;;;;;;;;
HARPER Chris;JAY;314;;;;;;;;;;;;;;;;;;;;;;;
HATHERLY Alan;JAY;80;;;;;;;;;;;;;;;;;;;;;;;
HELLEMOSE Asbjørn;JAY;45;;;;;;;;;;;;;;;;;;;;;;;
HEPBURN Michael;JAY;68;;;;;;;;;;;;;;;;;;;;;;;
KRIJNSEN Jelte;JAY;478;;;;;;;;;;;;;;;;;;;;;;;
MATTHEWS Michael;JAY;934;;;;;;;;;;;;;;;;;;;;;;;
O'BRIEN Kelland;JAY;83;;;;;;;;;;;;;;;;;;;;;;;
PLAPP Lucas;JAY;334;;;;;;;;;;;;;;;;;;;;;;;
STEWART Campbell;JAY;31;;;;;;;;;;;;;;;;;;;;;;;
SÜTTERLIN Jasha;JAY;38;;;;;;;;;;;;;;;;;;;;;;;
WALSCHEID Maximilian;JAY;305;;;;;;;;;;;;;;;;;;;;;;;
ZANA Filippo;JAY;242;;;;;;;;;;;;;;;;;;;;;;;
AERTS Toon;LOT;41;;;;;;;;;;;;;;;;;;;;;;;
BEULLENS Cédric;LOT;74;;;;;;;;;;;;;;;;;;;;;;;
CRAPS Lars;LOT;58;;;;;;;;;;;;;;;;;;;;;;;
CURRIE Logan;LOT;148;;;;;;;;;;;;;;;;;;;;;;;
DE SCHUYTENEER Steffen;LOT;142;;;;;;;;;;;;;;;;;;;;;;;
GIDDINGS Joshua;LOT;33;;;;;;;;;;;;;;;;;;;;;;;
GRIGNARD Sébastien;LOT;80;;;;;;;;;;;;;;;;;;;;;;;
LIVYNS Arjen;LOT;222;;;;;;;;;;;;;;;;;;;;;;;
MENTEN Milan;LOT;533;;;;;;;;;;;;;;;;;;;;;;;
ORINS Robin;LOT;10;;;;;;;;;;;;;;;;;;;;;;;
SLOCK Liam;LOT;123;;;;;;;;;;;;;;;;;;;;;;;
TAMINIAUX Lionel;LOT;231;;;;;;;;;;;;;;;;;;;;;;;
THOMPSON Reuben;LOT;75;;;;;;;;;;;;;;;;;;;;;;;
VAN DE WYNKELE Lorenz;LOT;5;;;;;;;;;;;;;;;;;;;;;;;
VANDENABEELE Henri;LOT;43;;;;;;;;;;;;;;;;;;;;;;;
VEISTROFFER Baptiste;LOT;55;;;;;;;;;;;;;;;;;;;;;;;
VIVIANI Elia;LOT;81;;;;;;;;;;;;;;;;;;;;;;;
WILSLY Jonas Gregaard;LOT;62;;;;;;;;;;;;;;;;;;;;;;;
BAGIOLI Andrea;LTK;417;;;;;;;;;;;;;;;;;;;;;;;
CICCONE Giulio;LTK;949;;;;;;;;;;;;;;;;;;;;;;;
DECLERCQ Tim;LTK;35;;;;;;;;;;;;;;;;;;;;;;;
GEOGHEGAN HART Tao;LTK;182;;;;;;;;;;;;;;;;;;;;;;;
GHEBREIGZABHIER Amanuel;LTK;92;;;;;;;;;;;;;;;;;;;;;;;
GIBBONS Ryan;LTK;53;;;;;;;;;;;;;;;;;;;;;;;
HOOLE Daan;LTK;316;;;;;;;;;;;;;;;;;;;;;;;
KÄMNA Lennard;LTK;122;;;;;;;;;;;;;;;;;;;;;;;
KIRSCH Alex;LTK;196;;;;;;;;;;;;;;;;;;;;;;;
KONRAD Patrick;LTK;334;;;;;;;;;;;;;;;;;;;;;;;
KRAGH ANDERSEN Søren;LTK;153;;;;;;;;;;;;;;;;;;;;;;;
LOPEZ PEREZ Juan Pedro;LTK;219;;;;;;;;;;;;;;;;;;;;;;;
MOLLEMA Bauke;LTK;282;;;;;;;;;;;;;;;;;;;;;;;
MOSCA Jacopo;LTK;50;;;;;;;;;;;;;;;;;;;;;;;
OOMEN Sam;LTK;125;;;;;;;;;;;;;;;;;;;;;;;
PEDERSEN Mads;LTK;2056;;;;;;;;;;;;;;;;;;;;;;;
PHILIPSEN Albert Withen;LTK;231;;;;;;;;;;;;;;;;;;;;;;;
SIMMONS Quinn;LTK;490;;;;;;;;;;;;;;;;;;;;;;;
SKUJINS Toms;LTK;697;;;;;;;;;;;;;;;;;;;;;;;
TEUTENBERG Tim Torn;LTK;276;;;;;;;;;;;;;;;;;;;;;;;
VACEK Mathias;LTK;550;;;;;;;;;;;;;;;;;;;;;;;
VERGAERDE Otto;LTK;32;;;;;;;;;;;;;;;;;;;;;;;
VERONA QUINTANILLA Carlos;LTK;217;;;;;;;;;;;;;;;;;;;;;;;
ARCAS PEÑA Jorge;MOV;40;;;;;;;;;;;;;;;;;;;;;;;
AULAR SANABRIA Orluis Alberto;MOV;647;;;;;;;;;;;;;;;;;;;;;;;
BARRENETXEA GOLZARRI Jon;MOV;413;;;;;;;;;;;;;;;;;;;;;;;
BARTA William;MOV;198;;;;;;;;;;;;;;;;;;;;;;;
CANAL BLANCO Carlos;MOV;421;;;;;;;;;;;;;;;;;;;;;;;
CEPEDA HERNANDEZ Jefferson Alveiro;MOV;576;;;;;;;;;;;;;;;;;;;;;;;
CIMOLAI Davide;MOV;103;;;;;;;;;;;;;;;;;;;;;;;
FORMOLO Davide;MOV;225;;;;;;;;;;;;;;;;;;;;;;;
GARCIA CORTINA Ivan;MOV;303;;;;;;;;;;;;;;;;;;;;;;;
GUERREIRO Ruben Antonio Almeida;MOV;210;;;;;;;;;;;;;;;;;;;;;;;
HESSMANN Michel;MOV;25;;;;;;;;;;;;;;;;;;;;;;;
MILESI Lorenzo;MOV;116;;;;;;;;;;;;;;;;;;;;;;;
MORO Manlio;MOV;45;;;;;;;;;;;;;;;;;;;;;;;
MÜHLBERGER Gregor;MOV;218;;;;;;;;;;;;;;;;;;;;;;;
NORSGAARD Mathias;MOV;50;;;;;;;;;;;;;;;;;;;;;;;
PEDRERO Antonio;MOV;49;;;;;;;;;;;;;;;;;;;;;;;
PESCADOR CASTRO Diego;MOV;76;;;;;;;;;;;;;;;;;;;;;;;
QUINTANA ROJAS Nairo Alexander;MOV;203;;;;;;;;;;;;;;;;;;;;;;;
SANCHEZ MAYO Pelayo;MOV;25;;;;;;;;;;;;;;;;;;;;;;;
SERRANO RODRIGUEZ Gonzalo;MOV;102;;;;;;;;;;;;;;;;;;;;;;;
TESFATSION Natnael Ocbit;MOV;237;;;;;;;;;;;;;;;;;;;;;;;
TORRES BARCELO Albert;MOV;19;;;;;;;;;;;;;;;;;;;;;;;
ADRIA OLIVERAS Roger;RBH;653;;;;;;;;;;;;;;;;;;;;;;;
ALEOTTI Giovanni;RBH;219;;;;;;;;;;;;;;;;;;;;;;;
DENZ Nico;RBH;164;;;;;;;;;;;;;;;;;;;;;;;
FISHER-BLACK Finn;RBH;540;;;;;;;;;;;;;;;;;;;;;;;
HAJEK Alexander;RBH;257;;;;;;;;;;;;;;;;;;;;;;;
HERZOG Emil;RBH;111;;;;;;;;;;;;;;;;;;;;;;;
HINDLEY Jai;RBH;454;;;;;;;;;;;;;;;;;;;;;;;
KOCH Jonas;RBH;64;;;;;;;;;;;;;;;;;;;;;;;
LAZKANO LOPEZ Oier;RBH;213;;;;;;;;;;;;;;;;;;;;;;;
MACIEJUK Filip;RBH;108;;;;;;;;;;;;;;;;;;;;;;;
MARTINEZ POVEDA Daniel Felipe;RBH;148;;;;;;;;;;;;;;;;;;;;;;;
MULLEN Ryan William;RBH;106;;;;;;;;;;;;;;;;;;;;;;;
PALZER Anton;RBH;18;;;;;;;;;;;;;;;;;;;;;;;
PELLIZZARI Giulio;RBH;460;;;;;;;;;;;;;;;;;;;;;;;
SOBRERO Matteo;RBH;73;;;;;;;;;;;;;;;;;;;;;;;
TRATNIK Jan;RBH;188;;;;;;;;;;;;;;;;;;;;;;;
VAN DIJKE Tim;RBH;91;;;;;;;;;;;;;;;;;;;;;;;
VAN GILS Maxim;RBH;380;;;;;;;;;;;;;;;;;;;;;;;
WANDAHL Frederik;RBH;361;;;;;;;;;;;;;;;;;;;;;;;
WELSFORD Sam;RBH;323;;;;;;;;;;;;;;;;;;;;;;;
ZWIEHOFF Ben;RBH;150;;;;;;;;;;;;;;;;;;;;;;;
BASTIAENS Ayco;SOQ;30;;;;;;;;;;;;;;;;;;;;;;;
CERNY Josef;SOQ;73;;;;;;;;;;;;;;;;;;;;;;;
GAROFOLI Gianmarco;SOQ;153;;;;;;;;;;;;;;;;;;;;;;;
GELDERS Gil;SOQ;128;;;;;;;;;;;;;;;;;;;;;;;
HAYTER Ethan;SOQ;329;;;;;;;;;;;;;;;;;;;;;;;
HUBY Antoine;SOQ;40;;;;;;;;;;;;;;;;;;;;;;;
KNOX James;SOQ;105;;;;;;;;;;;;;;;;;;;;;;;
LAMPAERT Yves;SOQ;92;;;;;;;;;;;;;;;;;;;;;;;
LAMPERTI Luke;SOQ;472;;;;;;;;;;;;;;;;;;;;;;;
LANDA MEANA Mikel;SOQ;903;;;;;;;;;;;;;;;;;;;;;;;
LECERF William Junior;SOQ;284;;;;;;;;;;;;;;;;;;;;;;;
MAGNIER Paul;SOQ;878;;;;;;;;;;;;;;;;;;;;;;;
RACCAGNI NOVIERO Andrea;SOQ;20;;;;;;;;;;;;;;;;;;;;;;;
REINDERINK Pepijn;SOQ;96;;;;;;;;;;;;;;;;;;;;;;;
SERRY Pieter;SOQ;35;;;;;;;;;;;;;;;;;;;;;;;
SVRCEK Martin;SOQ;76;;;;;;;;;;;;;;;;;;;;;;;
VAN GESTEL Dries;SOQ;15;;;;;;;;;;;;;;;;;;;;;;;
VANGHELUWE Warre;SOQ;61;;;;;;;;;;;;;;;;;;;;;;;
VANSEVENANT Mauri;SOQ;296;;;;;;;;;;;;;;;;;;;;;;;
VERVAEKE Louis;SOQ;76;;;;;;;;;;;;;;;;;;;;;;;
WARLOP Jordi;SOQ;25;;;;;;;;;;;;;;;;;;;;;;;
ARNDT Nikias;TBV;69;;;;;;;;;;;;;;;;;;;;;;;
BILBAO LOPEZ DE ARMENTIA Pello;TBV;704;;;;;;;;;;;;;;;;;;;;;;;
BRUTTOMESSO Alberto;TBV;50;;;;;;;;;;;;;;;;;;;;;;;
BURATTI Nicolo;TBV;63;;;;;;;;;;;;;;;;;;;;;;;
CARUSO Damiano;TBV;351;;;;;;;;;;;;;;;;;;;;;;;
ERMAKOV Roman;TBV;60;;;;;;;;;;;;;;;;;;;;;;;
ERZEN Zak;TBV;45;;;;;;;;;;;;;;;;;;;;;;;
EULALIO Afonso;TBV;178;;;;;;;;;;;;;;;;;;;;;;;
GOVEKAR Matevz;TBV;219;;;;;;;;;;;;;;;;;;;;;;;
KEPPLINGER Rainer;TBV;110;;;;;;;;;;;;;;;;;;;;;;;
MIHOLJEVIC Fran;TBV;44;;;;;;;;;;;;;;;;;;;;;;;
PAASSCHENS Mathijs;TBV;45;;;;;;;;;;;;;;;;;;;;;;;
PASQUALON Andrea;TBV;62;;;;;;;;;;;;;;;;;;;;;;;
PICKERING Finlay;TBV;67;;;;;;;;;;;;;;;;;;;;;;;
SKERL Daniel;TBV;21;;;;;;;;;;;;;;;;;;;;;;;
STOCKWELL Oliver;TBV;5;;;;;;;;;;;;;;;;;;;;;;;
TIBERI Antonio;TBV;524;;;;;;;;;;;;;;;;;;;;;;;
TRAEEN Torstein;TBV;80;;;;;;;;;;;;;;;;;;;;;;;
TU Chih Hao Sergio;TBV;0;;;;;;;;;;;;;;;;;;;;;;;
VAN DER MEULEN Max;TBV;35;;;;;;;;;;;;;;;;;;;;;;;
VAN MECHELEN Vlad;TBV;68;;;;;;;;;;;;;;;;;;;;;;;
ZAMBANINI Edoardo;TBV;663;;;;;;;;;;;;;;;;;;;;;;;
BONIFACE Lucas;TEN;28;;;;;;;;;;;;;;;;;;;;;;;
BONNET Thomas;TEN;58;;;;;;;;;;;;;;;;;;;;;;;
BOULAHOITE Rayan;TEN;42;;;;;;;;;;;;;;;;;;;;;;;
BRUNEL Alexys;TEN;107;;;;;;;;;;;;;;;;;;;;;;;
CRAS Steff;TEN;308;;;;;;;;;;;;;;;;;;;;;;;
DAUPHIN Florian;TEN;141;;;;;;;;;;;;;;;;;;;;;;;
DELBOVE Joris;TEN;179;;;;;;;;;;;;;;;;;;;;;;;
DELETTRE Alexandre;TEN;295;;;;;;;;;;;;;;;;;;;;;;;
DOUBEY Fabien;TEN;220;;;;;;;;;;;;;;;;;;;;;;;
DUJARDIN Sandy;TEN;290;;;;;;;;;;;;;;;;;;;;;;;
GACHIGNARD Thomas;TEN;286;;;;;;;;;;;;;;;;;;;;;;;
GRELLIER Fabien;TEN;50;;;;;;;;;;;;;;;;;;;;;;;
JEANNIERE Emilien;TEN;977;;;;;;;;;;;;;;;;;;;;;;;
JEGAT Jordan;TEN;491;;;;;;;;;;;;;;;;;;;;;;;
JOUSSEAUME Alan;TEN;49;;;;;;;;;;;;;;;;;;;;;;;
LATOUR Pierre;TEN;302;;;;;;;;;;;;;;;;;;;;;;;
LEROUX Samuel;TEN;153;;;;;;;;;;;;;;;;;;;;;;;
MANZIN Lorrenzo;TEN;32;;;;;;;;;;;;;;;;;;;;;;;
MARCEROU Nicola;TEN;5;;;;;;;;;;;;;;;;;;;;;;;
RETAILLEAU Valentin;TEN;20;;;;;;;;;;;;;;;;;;;;;;;
SOUPE Geoffrey;TEN;19;;;;;;;;;;;;;;;;;;;;;;;
TESSON Jason;TEN;133;;;;;;;;;;;;;;;;;;;;;;;
TURGIS Anthony;TEN;400;;;;;;;;;;;;;;;;;;;;;;;
VADIC Baptiste;TEN;3;;;;;;;;;;;;;;;;;;;;;;;
VERCHER Matteo;TEN;319;;;;;;;;;;;;;;;;;;;;;;;
BARDET Romain;TPP;485;;;;;;;;;;;;;;;;;;;;;;;
BARGUIL Warren;TPP;255;;;;;;;;;;;;;;;;;;;;;;;
BITTNER Pavel;TPP;503;;;;;;;;;;;;;;;;;;;;;;;
COMBAUD Romain;TPP;60;;;;;;;;;;;;;;;;;;;;;;;
DEGENKOLB John;TPP;95;;;;;;;;;;;;;;;;;;;;;;;
DHONDT Robbe;TPP;15;;;;;;;;;;;;;;;;;;;;;;;
DINHAM Matthew;TPP;0;;;;;;;;;;;;;;;;;;;;;;;
EDDY Patrick;TPP;64;;;;;;;;;;;;;;;;;;;;;;;
EDMONDSON Alexander;TPP;40;;;;;;;;;;;;;;;;;;;;;;;
EEKHOFF Nils;TPP;266;;;;;;;;;;;;;;;;;;;;;;;
FLYNN Sean;TPP;185;;;;;;;;;;;;;;;;;;;;;;;
HAMILTON Christopher;TPP;79;;;;;;;;;;;;;;;;;;;;;;;
JAKOBSEN Fabio;TPP;55;;;;;;;;;;;;;;;;;;;;;;;
KOERDT Bjoern;TPP;95;;;;;;;;;;;;;;;;;;;;;;;
LEEMREIZE Gijs;TPP;99;;;;;;;;;;;;;;;;;;;;;;;
LEIJNSE Enzo;TPP;50;;;;;;;;;;;;;;;;;;;;;;;
MÄRKL Niklas;TPP;57;;;;;;;;;;;;;;;;;;;;;;;
MARTINEZ HUERTAS Juan Guillermo;TPP;175;;;;;;;;;;;;;;;;;;;;;;;
NABERMAN Tim;TPP;20;;;;;;;;;;;;;;;;;;;;;;;
POOLE Max;TPP;741;;;;;;;;;;;;;;;;;;;;;;;
ROOSEN Timo;TPP;15;;;;;;;;;;;;;;;;;;;;;;;
VAN DEN BERG Julius;TPP;74;;;;;;;;;;;;;;;;;;;;;;;
VAN UDEN Casper;TPP;270;;;;;;;;;;;;;;;;;;;;;;;
VERMAERKE Kevin;TPP;422;;;;;;;;;;;;;;;;;;;;;;;
WELTEN Bram;TPP;29;;;;;;;;;;;;;;;;;;;;;;;
BRENNER Marco;TUD;391;;;;;;;;;;;;;;;;;;;;;;;
DAINESE Alberto;TUD;235;;;;;;;;;;;;;;;;;;;;;;;
DE KLEIJN Arvid;TUD;371;;;;;;;;;;;;;;;;;;;;;;;
ERIKSSON Jacob;TUD;50;;;;;;;;;;;;;;;;;;;;;;;
ERIKSSON Lucas;TUD;63;;;;;;;;;;;;;;;;;;;;;;;
FROIDEVAUX Robin;TUD;40;;;;;;;;;;;;;;;;;;;;;;;
HALLER Marco;TUD;295;;;;;;;;;;;;;;;;;;;;;;;
HEMING Mika;TUD;30;;;;;;;;;;;;;;;;;;;;;;;
HIRSCHI Marc;TUD;1824;;;;;;;;;;;;;;;;;;;;;;;
KELEMEN Petr;TUD;26;;;;;;;;;;;;;;;;;;;;;;;
KLUCKERS Arthur;TUD;80;;;;;;;;;;;;;;;;;;;;;;;
KOLZE CHANGIZI Sebastian;TUD;32;;;;;;;;;;;;;;;;;;;;;;;
KRIEGER Alexander;TUD;45;;;;;;;;;;;;;;;;;;;;;;;
LIENHARD Fabian;TUD;117;;;;;;;;;;;;;;;;;;;;;;;
MAYRHOFER Marius;TUD;125;;;;;;;;;;;;;;;;;;;;;;;
MIKUTIS Aivaras;TUD;47;;;;;;;;;;;;;;;;;;;;;;;
PLUIMERS Rick;TUD;446;;;;;;;;;;;;;;;;;;;;;;;
RONDEL Mathys;TUD;193;;;;;;;;;;;;;;;;;;;;;;;
STORER Michael;TUD;948;;;;;;;;;;;;;;;;;;;;;;;
STORK Florian;TUD;347;;;;;;;;;;;;;;;;;;;;;;;
THALMANN Roland;TUD;26;;;;;;;;;;;;;;;;;;;;;;;
VOISARD Yannis;TUD;166;;;;;;;;;;;;;;;;;;;;;;;
WARBASSE Larry;TUD;140;;;;;;;;;;;;;;;;;;;;;;;
WEISS Fabian;TUD;39;;;;;;;;;;;;;;;;;;;;;;;
WILKSCH Hannes;TUD;55;;;;;;;;;;;;;;;;;;;;;;;
WIRTGEN Luc;TUD;21;;;;;;;;;;;;;;;;;;;;;;;
ZIJLAARD Maikel;TUD;155;;;;;;;;;;;;;;;;;;;;;;;
BEHRENS Niklas;TVL;91;;;;;;;;;;;;;;;;;;;;;;;
BRENNAN Matthew;TVL;717;;;;;;;;;;;;;;;;;;;;;;;
GLOAG Thomas;TVL;148;;;;;;;;;;;;;;;;;;;;;;;
GRAAT Tijmen;TVL;78;;;;;;;;;;;;;;;;;;;;;;;
HAGENES Per Strand;TVL;385;;;;;;;;;;;;;;;;;;;;;;;
HUISING Menno;TVL;41;;;;;;;;;;;;;;;;;;;;;;;
KELDERMAN Wilco;TVL;538;;;;;;;;;;;;;;;;;;;;;;;
KOOIJ Olav;TVL;1075;;;;;;;;;;;;;;;;;;;;;;;
KRUIJSWIJK Steven;TVL;114;;;;;;;;;;;;;;;;;;;;;;;
LAPORTE Christophe;TVL;617;;;;;;;;;;;;;;;;;;;;;;;
LEMMEN Bart;TVL;212;;;;;;;;;;;;;;;;;;;;;;;
MCLAY Daniel;TVL;69;;;;;;;;;;;;;;;;;;;;;;;
NORDHAGEN Jørgen;TVL;271;;;;;;;;;;;;;;;;;;;;;;;
TULETT Ben;TVL;468;;;;;;;;;;;;;;;;;;;;;;;
UIJTDEBROEKS Cian;TVL;78;;;;;;;;;;;;;;;;;;;;;;;
VALTER Attila;TVL;413;;;;;;;;;;;;;;;;;;;;;;;
VAN BAARLE Dylan;TVL;63;;;;;;;;;;;;;;;;;;;;;;;
VAN BELLE Loe;TVL;15;;;;;;;;;;;;;;;;;;;;;;;
VAN DER SANDE Tosh;TVL;55;;;;;;;;;;;;;;;;;;;;;;;
VERMOTE Julien;TVL;58;;;;;;;;;;;;;;;;;;;;;;;
ZINGLE Axel;TVL;500;;;;;;;;;;;;;;;;;;;;;;;
ARRIETA LIZARRAGA Igor;UAD;220;;;;;;;;;;;;;;;;;;;;;;;
AYUSO PESQUERA Juan;UAD;1196;;;;;;;;;;;;;;;;;;;;;;;
BARONCINI Filippo;UAD;526;;;;;;;;;;;;;;;;;;;;;;;
BJERG Mikkel Norsgaard;UAD;255;;;;;;;;;;;;;;;;;;;;;;;
CHRISTEN Jan;UAD;703;;;;;;;;;;;;;;;;;;;;;;;
COVI Alessandro;UAD;423;;;;;;;;;;;;;;;;;;;;;;;
DEL TORO ROMERO Isaac;UAD;1273;;;;;;;;;;;;;;;;;;;;;;;
GROSSSCHARTNER Felix;UAD;538;;;;;;;;;;;;;;;;;;;;;;;
GROSSSCHARTNER Felix;UAD;538;;;;;;;;;;;;;;;;;;;;;;;
HERREGODTS Rune;UAD;241;;;;;;;;;;;;;;;;;;;;;;;
JOHANSEN Julius;UAD;79;;;;;;;;;;;;;;;;;;;;;;;
LAENGEN Vegard Stake;UAD;25;;;;;;;;;;;;;;;;;;;;;;;
MAJKA Rafal;UAD;217;;;;;;;;;;;;;;;;;;;;;;;
MCNULTY Brandon;UAD;876;;;;;;;;;;;;;;;;;;;;;;;
MOLANO BENAVIDES Juan Sebastian;UAD;380;;;;;;;;;;;;;;;;;;;;;;;
MORGADO Antonio Tomas;UAD;602;;;;;;;;;;;;;;;;;;;;;;;
NOVAK Domen;UAD;150;;;;;;;;;;;;;;;;;;;;;;;
OLIVEIRA Ivo Emanuel Alves;UAD;201;;;;;;;;;;;;;;;;;;;;;;;
OLIVEIRA Rui Filipe Alves;UAD;193;;;;;;;;;;;;;;;;;;;;;;;
TORRES ARIAS Pablo;UAD;205;;;;;;;;;;;;;;;;;;;;;;;
VERMEERSCH Florian;UAD;417;;;;;;;;;;;;;;;;;;;;;;;
VINE Jay;UAD;854;;;;;;;;;;;;;;;;;;;;;;;
BEVORT Carl-Frederik;UXM;15;;;;;;;;;;;;;;;;;;;;;;;
BLIKRA Erlend Jordbrekk;UXM;362;;;;;;;;;;;;;;;;;;;;;;;
BUGGE Martin Urianstad;UXM;10;;;;;;;;;;;;;;;;;;;;;;;
DALBY Simon;UXM;100;;;;;;;;;;;;;;;;;;;;;;;
DVERSNES Fredrik;UXM;515;;;;;;;;;;;;;;;;;;;;;;;
HOLTER Aadne;UXM;176;;;;;;;;;;;;;;;;;;;;;;;
HVIDEBERG Jonas Iversby;UXM;31;;;;;;;;;;;;;;;;;;;;;;;
JANSEN Amund Grøndahl;UXM;10;;;;;;;;;;;;;;;;;;;;;;;
KRISTOFF Alexander;UXM;723;;;;;;;;;;;;;;;;;;;;;;;
KRON Andreas Lorentz;UXM;56;;;;;;;;;;;;;;;;;;;;;;;
KULSET Johannes;UXM;332;;;;;;;;;;;;;;;;;;;;;;;
KULSET Magnus;UXM;5;;;;;;;;;;;;;;;;;;;;;;;
LEVY William Blume;UXM;59;;;;;;;;;;;;;;;;;;;;;;;
LØLAND Sakarias Koller;UXM;135;;;;;;;;;;;;;;;;;;;;;;;
PEDERSEN Henrik Breiner;UXM;60;;;;;;;;;;;;;;;;;;;;;;;
RESELL Erik Nordsaeter;UXM;76;;;;;;;;;;;;;;;;;;;;;;;
SKAARSETH Anders;UXM;56;;;;;;;;;;;;;;;;;;;;;;;
TILLER Rasmus Fossum;UXM;270;;;;;;;;;;;;;;;;;;;;;;;
WALLIN Rasmus Bøgh;UXM;58;;;;;;;;;;;;;;;;;;;;;;;
BALLERINI Davide;XAT;260;;;;;;;;;;;;;;;;;;;;;;;
BETTIOL Alberto;XAT;308;;;;;;;;;;;;;;;;;;;;;;;
BOL Cees;XAT;316;;;;;;;;;;;;;;;;;;;;;;;
CHARMIG Anthon;XAT;225;;;;;;;;;;;;;;;;;;;;;;;
CONCI Nicola;XAT;100;;;;;;;;;;;;;;;;;;;;;;;
FEDOROV Yevgeniy;XAT;166;;;;;;;;;;;;;;;;;;;;;;;
FORTUNATO Lorenzo;XAT;861;;;;;;;;;;;;;;;;;;;;;;;
GATE Aaron;XAT;573;;;;;;;;;;;;;;;;;;;;;;;
GAZZOLI Michele;XAT;25;;;;;;;;;;;;;;;;;;;;;;;
KAJAMINI Florian Samuel;XAT;63;;;;;;;;;;;;;;;;;;;;;;;
KANTER Max;XAT;539;;;;;;;;;;;;;;;;;;;;;;;
KUZMIN Anton;XAT;73;;;;;;;;;;;;;;;;;;;;;;;
LOPEZ GRANIZO Harold Martin;XAT;609;;;;;;;;;;;;;;;;;;;;;;;
MALUCELLI Matteo;XAT;364;;;;;;;;;;;;;;;;;;;;;;;
MASNADA Fausto;XAT;60;;;;;;;;;;;;;;;;;;;;;;;
MULUBRHAN Henok;XAT;455;;;;;;;;;;;;;;;;;;;;;;;
POELS Wout;XAT;366;;;;;;;;;;;;;;;;;;;;;;;
ROMELE Alessandro;XAT;207;;;;;;;;;;;;;;;;;;;;;;;
SCARONI Christian;XAT;783;;;;;;;;;;;;;;;;;;;;;;;
SCHELLING Ide;XAT;40;;;;;;;;;;;;;;;;;;;;;;;
SU Haoyu;XAT;7;;;;;;;;;;;;;;;;;;;;;;;
TEUNISSEN Mike;XAT;716;;;;;;;;;;;;;;;;;;;;;;;
TONEATTI Davide;XAT;129;;;;;;;;;;;;;;;;;;;;;;;
ULISSI Diego;XAT;997;;;;;;;;;;;;;;;;;;;;;;;
VAN BEKKUM Darren;XAT;17;;;;;;;;;;;;;;;;;;;;;;;
VINOKUROV Nicolya;XAT;76;;;;;;;;;;;;;;;;;;;;;;;
;;0;;;;;;;;;;;;;;;;;;;;;;;
;;0;;;;;;;;;;;;;;;;;;;;;;;
;;0;;;;;;;;;;;;;;;;;;;;;;;
;;0;;;;;;;;;;;;;;;;;;;;;;;
;;0;;;;;;;;;;;;;;;;;;;;;;;
;;0;;;;;;;;;;;;;;;;;;;;;;;
;;0;;;;;;;;;;;;;;;;;;;;;;;
;;0;;;;;;;;;;;;;;;;;;;;;;;
;;0;;;;;;;;;;;;;;;;;;;;;;;
;;0;;;;;;;;;;;;;;;;;;;;;;;
;;0;;;;;;;;;;;;;;;;;;;;;;;
;;0;;;;;;;;;;;;;;;;;;;;;;;
;;0;;;;;;;;;;;;;;;;;;;;;;;
;;0;;;;;;;;;;;;;;;;;;;;;;;
;;0;;;;;;;;;;;;;;;;;;;;;;;
;;0;;;;;;;;;;;;;;;;;;;;;;;
;;0;;;;;;;;;;;;;;;;;;;;;;;
;;0;;;;;;;;;;;;;;;;;;;;;;;
;;0;;;;;;;;;;;;;;;;;;;;;;;
;;0;;;;;;;;;;;;;;;;;;;;;;;
;;0;;;;;;;;;;;;;;;;;;;;;;;
;;0;;;;;;;;;;;;;;;;;;;;;;;
;;0;;;;;;;;;;;;;;;;;;;;;;;
;;0;;;;;;;;;;;;;;;;;;;;;;;
